IRN,County,Attendance 2012-13,Attendance 2010-11,Other Elem-Sec,Attendance 2011-12,District Class 2 Effective Millage Incl JVS FY14,District Percent Of Students In Poverty FY13,District Local Revenue As % Of Total FY13,Performance Index Score 2012-13,District Average Income TY11,Adult Ed,District Median Income TY11,County Mortality Rate,County Mortality Category
043489,Summit,93.8,94.0,65.99897699996944,94.0,61.92,0.9998,0.2917,84.552,36847.0,29.773704881563983,24287.0,20.39,med
043497,Stark,93.8,94.0,180.8606411025403,94.2,36.27,0.7782,0.1945,90.880,36528.0,243.64487368599012,23491.0,14.48,med
043505,Ashland,94.6,94.9,176.3765813862192,95.1,42.04,0.431,0.4279,101.088,44827.0,0.0,28316.0,8.00,low
043513,Ashtabula,93.7,93.8,84.41128143019364,94.2,28.12,0.7278,0.2204,88.953,39707.0,5.500611709695412,25084.0,20.10,med
043521,Athens,94.5,95.1,132.7319190030242,95.3,30.0,0.3551,0.5324,96.631,48976.0,0.0,27223.0,16.71,med
043539,Summit,92.6,93.3,198.82311675495055,93.2,41.88,0.7081,0.2336,92.483,35397.0,0.0,25674.0,20.39,med
043547,Cuyahoga,96.3,96.3,216.91220738483264,96.4,57.64,0.0839,0.6864,107.864,99245.0,0.0,54934.0,18.81,med
043554,Cuyahoga,95.9,96.2,509.9517107456437,96.3,41.87,0.1079,0.6848,108.950,118809.0,0.0,52448.0,18.81,med
043562,Cuyahoga,95.0,95.1,182.40258963928866,95.3,47.97,0.6537,0.5604,89.641,39701.0,0.0,29699.0,18.81,med
043570,Belmont,93.6,94.2,99.14771418239957,94.1,21.55,0.6108,0.1356,97.949,40315.0,0.0,25895.0,12.96,med
043588,Logan,95.4,95.4,155.80383795750754,95.6,34.25,0.5327,0.2554,97.034,41590.0,0.0,25978.0,12.58,med
043596,Huron,95.2,94.5,272.9653349834685,95.0,34.56,0.4101,0.3716,98.096,44093.0,6.3428820642305075,30981.0,16.35,med
043604,Washington,94.3,94.2,215.6279315805904,94.2,26.38,0.5494,0.3064,90.511,41025.0,0.0,26233.0,14.82,med
043612,Cuyahoga,95.1,95.3,159.2191232296366,95.5,51.55,0.3472,0.6111,101.470,46235.0,176.31583794271756,33476.0,18.81,med
043620,Franklin,95.3,95.6,378.043684826486,95.4,68.02,0.1144,0.7555,106.240,134405.0,0.0,62943.0,15.84,med
043638,Wood,95.4,95.7,123.01527948660285,95.6,34.59,0.3004,0.5825,103.270,45643.0,0.0,27981.0,8.78,low
043646,Cuyahoga,95.8,95.9,246.2093101651504,95.9,41.05,0.0912,0.6563,107.982,88773.0,0.0,47108.0,18.81,med
043653,Cuyahoga,94.8,95.0,233.87183433529694,95.2,39.12,0.5593,0.6351,95.704,37917.0,0.0,28487.0,18.81,med
043661,Medina,95.6,95.5,147.60774456542939,95.5,38.49,0.2854,0.5031,103.968,53431.0,0.0,38468.0,8.13,low
043679,Williams,95.2,95.6,300.49034321473243,95.2,34.48,0.4365,0.4557,100.359,45393.0,0.0,27791.0,7.08,low
043687,Crawford,94.5,93.9,211.50109124665832,94.2,39.11,0.6871,0.2402,90.005,33167.0,0.0,23984.0,19.25,med
043695,Guernsey,94.0,94.6,152.27496743537435,94.6,29.28,0.6314,0.2362,94.213,38825.0,6.989640572596661,23998.0,17.58,med
043703,Mahoning,93.2,94.0,212.45838198376472,94.9,37.91,0.8202,0.1247,89.911,36373.0,0.0,22319.0,19.91,med
043711,Stark,93.1,93.7,202.04356386828127,93.6,56.99,0.8348,0.2182,84.473,30044.0,172.06070078860552,20744.0,14.48,med
043729,Mercer,95.3,95.6,239.74373088210794,95.5,34.19,0.4189,0.435,101.106,42427.0,4.901442514069842,29282.0,9.40,low
043737,Montgomery,95.9,95.8,52.21290493151403,96.1,39.84,0.1636,0.6467,105.975,83289.0,0.0,45614.0,35.30,high
043745,Ross,93.3,94.0,145.89005443699773,94.0,32.71,0.6441,0.298,93.981,41560.0,0.0,26877.0,25.74,high
043752,Hamilton,95.7,95.8,98.74909967646089,95.0,51.23,0.7178,0.4676,87.515,53529.0,24.55942055145609,28294.0,24.93,high
043760,Pickaway,93.3,94.4,261.08862198567033,94.2,42.59,0.4814,0.374,94.447,41952.0,0.0,26814.0,14.43,med
043778,Tuscarawas,95.3,95.4,179.32504735727167,95.7,25.73,0.6009,0.1526,98.330,37658.0,0.0,25559.0,9.13,low
043786,Cuyahoga,89.0,91.5,117.60662441032733,90.9,53.58,1.0,0.2399,74.424,33869.0,0.012333764035806225,22426.0,18.81,med
043794,Cuyahoga,94.6,94.9,187.06081224849206,94.8,82.85,0.668,0.6108,87.176,67849.0,3.7700710643619244,37911.0,18.81,med
043802,Franklin,92.4,94.4,85.11287577404697,94.3,50.33,0.7905,0.4666,79.179,41550.0,44.385363285412396,27064.0,15.84,med
043810,Ashtabula,94.7,94.8,151.92089724586285,95.1,24.16,0.6271,0.2016,94.917,35839.0,0.0,24554.0,20.10,med
043828,Coshocton,95.2,95.2,160.90855796486474,95.6,36.38,0.6472,0.2636,95.000,39770.0,0.0,23171.0,9.54,low
043836,Summit,94.8,95.3,146.15462895050996,95.1,45.95,0.4076,0.5339,98.306,45215.0,0.0,32361.0,20.39,med
043844,Montgomery,92.5,92.4,83.90693118725325,92.2,59.89,0.9418,0.22,75.507,32147.0,0.0,22394.0,35.30,high
043851,Hamilton,94.8,94.7,348.70528844680075,95.3,42.86,0.4564,0.5683,101.460,46546.0,0.0,34521.0,24.93,high
043869,Defiance,95.2,95.6,231.68119393710884,95.2,33.27,0.5356,0.2975,96.175,42528.0,0.0,28175.0,11.07,low
043877,Delaware,95.0,95.1,188.2045609845719,94.8,48.7,0.382,0.5476,100.013,49744.0,0.0,35966.0,7.31,low
043885,Allen,95.7,95.8,212.33921035462924,95.8,31.16,0.4257,0.3897,103.126,46286.0,0.0,31063.0,11.16,low
043893,Tuscarawas,96.3,96.2,325.7723550198281,96.4,45.36,0.3502,0.4805,101.633,50255.0,0.0,30578.0,9.13,low
043901,Cuyahoga,91.0,91.2,147.0649099206287,92.1,65.28,0.9167,0.1352,74.804,29101.0,13.081387587220279,19767.0,18.81,med
043919,Columbiana,94.2,93.2,129.3687836948944,93.0,30.5,0.7409,0.1374,88.931,37412.0,1.1554320349788707,25589.0,14.84,med
043927,Columbiana,94.2,94.6,206.3757867279637,94.4,22.1,0.5074,0.1982,94.324,42458.0,0.0,29672.0,14.84,med
043935,Preble,94.8,94.7,256.16480563110537,95.0,23.85,0.3978,0.4316,98.389,45057.0,0.0,30388.0,19.71,med
043943,Lorain,94.4,94.3,124.38271400018017,94.4,46.84,0.5418,0.3585,91.280,38418.0,0.0,26631.0,17.43,med
043950,Cuyahoga,93.7,94.0,105.79614626931924,94.1,77.2,0.7254,0.5318,79.469,37436.0,13.370002123763195,27577.0,18.81,med
043968,Greene,94.5,94.8,121.95542950612165,94.8,32.96,0.5617,0.4385,93.516,43979.0,0.0,27119.0,18.27,med
043976,Cuyahoga,94.8,95.6,188.31671293911828,95.9,57.67,0.2593,0.6994,100.717,57390.0,0.0,37895.0,18.81,med
043984,Hancock,95.6,95.6,136.80427488218967,95.5,46.23,0.4311,0.4095,98.605,52665.0,0.0,29765.0,10.04,low
043992,Seneca,93.6,94.1,158.99372646449893,94.1,50.32,0.775,0.2836,89.281,34262.0,52.248825140192075,23858.0,12.74,med
044008,Warren,94.6,94.7,197.8415371502984,94.9,32.77,0.478,0.3848,97.943,42484.0,0.0,29890.0,13.71,med
044016,Sandusky,95.4,94.9,171.95435772910432,95.1,23.19,0.6131,0.4316,94.878,41420.0,0.0,28375.0,14.34,med
044024,Crawford,95.6,95.8,229.4153634092738,96.1,42.29,0.5727,0.2385,95.287,38555.0,0.0,26989.0,19.25,med
044032,Gallia,94.4,94.0,198.9140476702086,94.5,22.04,0.4889,0.2131,98.692,46007.0,0.0,27764.0,21.00,med
044040,Cuyahoga,93.6,93.6,103.0443979734798,93.6,51.47,0.7039,0.3659,83.241,36909.0,0.0,28263.0,18.81,med
044057,Ashtabula,94.3,94.6,190.25699866074527,94.4,23.69,0.5102,0.2767,101.248,45894.0,0.0,28789.0,20.10,med
044065,Trumbull,93.7,93.9,155.75412633123125,93.7,31.73,0.5608,0.2353,102.623,37815.0,0.0,25059.0,21.98,med
044073,Franklin,95.9,95.9,730.6957267889651,96.3,59.62,0.1439,0.6175,108.162,86924.0,0.0,46848.0,15.84,med
044081,Hamilton,94.0,94.7,142.17461287172728,94.7,62.91,0.6649,0.4705,88.887,47808.0,0.0,32066.0,24.93,high
044099,Darke,94.5,94.5,163.1047889904668,94.7,29.54,0.4702,0.4003,96.275,39893.0,37.45944086663689,26748.0,15.00,med
044107,Butler,94.7,94.7,89.22190543459078,95.0,29.32,0.6906,0.2013,91.501,37887.0,33.94508128068764,26391.0,27.67,high
044115,Licking,94.8,95.4,223.64386786780238,95.2,32.17,0.4173,0.4754,98.440,43695.0,0.0,30290.0,12.90,med
044123,Highland,94.1,94.2,168.9264338070563,94.6,24.92,0.6166,0.2978,94.333,38568.0,0.0,25036.0,21.95,med
044131,Erie,94.6,94.8,367.03767902812893,94.4,45.3,0.3008,0.5734,103.354,62368.0,0.0,36300.0,17.94,med
044149,Lawrence,95.1,94.9,288.8564324141012,94.9,22.22,0.6397,0.1649,97.392,39503.0,0.0,25369.0,18.64,med
044156,Jackson,94.7,94.6,172.60787155222582,94.6,23.12,0.5296,0.1888,100.396,45590.0,0.0,29404.0,25.51,high
044164,Portage,94.9,94.9,231.14854419391858,95.0,50.79,0.4215,0.4617,99.097,46267.0,13.418101035905726,27062.0,13.67,med
044172,Hardin,94.8,94.6,259.8990140500214,94.9,25.26,0.6232,0.3297,96.510,39027.0,0.0,26445.0,15.28,med
044180,Montgomery,96.0,95.7,117.20093881275452,96.0,53.36,0.4214,0.6059,103.412,55036.0,24.552971663042168,33431.0,35.30,high
044198,Cuyahoga,95.2,94.7,150.64653314415798,95.4,62.29,0.5167,0.5233,98.616,48468.0,19.501885501917595,31707.0,18.81,med
044206,Fairfield,94.7,94.9,174.03883650742225,95.1,24.46,0.5472,0.4803,99.513,43320.0,0.0,28369.0,11.12,low
044214,Warren,95.9,95.9,97.46282599292383,95.9,32.52,0.2446,0.4771,103.415,61043.0,0.0,38284.0,13.71,med
044222,Allen,93.6,94.4,367.03712360412925,94.2,32.96,0.8054,0.1486,78.541,30718.0,82.68705076563498,20514.0,11.16,low
044230,Hamilton,93.6,94.3,298.59943522783897,94.8,46.21,0.7931,0.3327,84.981,34248.0,0.0,21888.0,24.93,high
044248,Hocking,94.6,95.1,113.49717804481261,95.2,22.11,0.6018,0.2359,97.165,40885.0,0.0,28156.0,18.35,med
044255,Madison,93.8,94.3,175.465072621978,94.3,26.41,0.4634,0.4195,94.277,53474.0,18.46798594563131,31445.0,14.99,med
044263,Lorain,91.9,93.0,99.36241264122266,92.0,50.15,0.8504,0.1481,80.457,32971.0,0.0,22565.0,17.43,med
044271,Hamilton,95.6,95.4,186.74589112349375,95.8,40.98,0.1522,0.5754,104.963,94703.0,0.0,50879.0,24.93,high
044289,Hamilton,96.2,96.3,255.56279005059926,96.6,58.55,0.0779,0.6872,112.051,91342.0,0.46911068497687636,54259.0,24.93,high
044297,Richland,93.7,94.5,104.3559526292418,94.3,43.77,0.8259,0.2212,83.963,34526.0,138.07448774668822,21833.0,17.74,med
044305,Cuyahoga,92.5,92.6,100.33029439299251,92.5,47.32,0.7751,0.2898,78.780,34489.0,1.7199887061989871,27367.0,18.81,med
044313,Hamilton,95.7,95.4,400.4161093428478,95.9,68.48,0.0832,0.686,108.560,111470.0,0.4184535693758287,49664.0,24.93,high
044321,Washington,95.2,95.3,173.83286682288502,95.3,33.95,0.5248,0.4366,94.815,46965.0,0.0,28011.0,14.82,med
044339,Marion,93.5,93.6,147.32002178072656,93.5,30.09,0.9928,0.1582,85.304,32884.0,1.9785367345017748,24147.0,21.70,med
044347,Belmont,94.8,95.0,154.3312699048955,94.8,27.06,0.5032,0.1498,98.883,40969.0,0.0,25536.0,12.96,med
044354,Stark,94.4,94.6,286.5337526724534,94.8,45.83,0.6634,0.3044,95.031,36321.0,18.45905839771284,25669.0,14.48,med
044362,Lucas,95.6,95.6,220.26970782405994,95.6,57.61,0.3342,0.6066,102.051,49517.0,0.06327353848057636,33078.0,22.77,med
044370,Cuyahoga,95.2,95.2,192.4460884655859,95.1,45.75,0.2118,0.7257,102.739,85550.0,13.404686287944564,38508.0,18.81,med
044388,Medina,95.6,95.9,156.01781370351995,95.7,42.51,0.1815,0.5693,102.783,68974.0,0.0,43326.0,8.13,low
044396,Montgomery,95.6,95.1,122.55539839132949,95.6,41.04,0.3931,0.5566,99.785,53938.0,0.0,35543.0,35.30,high
044404,Butler,94.3,94.2,106.57182228186649,94.6,45.77,0.7076,0.361,88.454,37713.0,23.35577209942043,24577.0,27.67,high
044412,Hamilton,94.1,94.6,167.87693340811245,95.1,46.13,0.8038,0.2764,83.327,39766.0,0.0,28939.0,24.93,high
044420,Knox,94.8,94.8,134.54239018243072,95.1,31.04,0.4613,0.371,98.712,48189.0,0.0,29259.0,12.62,med
044438,Henry,96.1,95.9,243.69942515513338,95.9,44.43,0.4183,0.3417,100.470,46821.0,0.0,31884.0,8.79,low
044446,Athens,94.0,94.1,73.60949569005365,94.1,22.84,0.6308,0.1379,97.761,32559.0,0.0,22377.0,16.71,med
044453,Licking,94.6,94.8,78.94296334307367,94.7,29.71,0.6201,0.4087,97.767,38852.0,0.0,25108.0,12.90,med
044461,Scioto,94.1,94.4,197.23883427625407,94.8,34.86,0.8307,0.1398,85.444,26819.0,0.0,17500.0,29.13,high
044479,Perry,94.6,94.4,82.89988017946686,94.4,23.95,0.6051,0.1402,90.721,38045.0,0.0,28093.0,11.12,low
044487,Tuscarawas,94.7,95.1,207.41656613036878,95.1,32.98,0.4484,0.4425,99.001,48689.0,0.0,28154.0,9.13,low
044495,Trumbull,92.6,93.1,148.49310843320507,93.1,37.62,0.6558,0.2658,95.505,37347.0,0.0,25549.0,21.98,med
044503,Stark,95.8,96.3,189.92920651276202,96.4,46.96,0.1992,0.5137,106.644,62427.0,0.3168276938099969,37789.0,14.48,med
044511,Hamilton,93.8,94.0,151.06987943668506,94.8,36.63,0.702,0.2476,84.385,35749.0,0.0,28285.0,24.93,high
044529,Cuyahoga,95.3,95.5,255.2523602460204,95.7,58.09,0.3977,0.6421,101.566,50408.0,0.0,35124.0,18.81,med
044537,Lorain,94.9,95.9,150.73114291618396,96.0,38.19,0.2481,0.5403,100.690,55539.0,0.0,42511.0,17.43,med
044545,Cuyahoga,95.7,95.7,148.60787020733693,95.8,40.71,0.1792,0.7145,105.440,65958.0,0.0,40212.0,18.81,med
044552,Summit,94.7,95.2,194.6357279552081,95.3,41.94,0.3212,0.3635,102.402,48745.0,1.4861500799281777,35812.0,20.39,med
044560,Huron,94.7,94.5,165.93622306404745,94.6,23.83,0.5122,0.3121,98.029,43586.0,42.97851233874473,27499.0,16.35,med
044578,Hamilton,94.3,94.0,142.29193146988467,94.3,45.48,0.7101,0.486,97.098,37170.0,0.0,27090.0,24.93,high
044586,Montgomery,96.1,96.2,368.0288094971854,96.3,93.04,0.0444,0.5837,110.750,137284.0,0.0,61231.0,35.30,high
044594,Lorain,94.9,94.9,302.7608263164901,94.9,27.92,0.4623,0.5641,97.315,53854.0,0.0,31250.0,17.43,med
044602,Lucas,95.1,94.9,227.8703967810049,95.2,49.68,0.4194,0.4678,97.007,51081.0,27.460863786783452,34523.0,22.77,med
044610,Wayne,95.4,95.6,215.4499877218052,95.6,49.31,0.4969,0.4265,100.280,44289.0,0.0,30160.0,9.42,low
044628,Lake,95.9,95.6,119.95400810780691,95.3,59.24,0.8725,0.2295,83.587,32973.0,4.259059647304037,24244.0,15.73,med
044636,Cuyahoga,94.3,94.7,143.79144542182965,94.8,51.82,0.4006,0.6091,95.873,43058.0,86.73765817315804,31460.0,18.81,med
044644,Miami,95.1,95.3,158.65036825449928,95.0,30.15,0.5437,0.4292,95.253,40181.0,0.0,26684.0,14.71,med
044651,Ottawa,95.8,95.6,309.4797290030827,95.6,27.88,0.4668,0.6205,97.202,49923.0,0.0,28291.0,9.96,low
044669,Scioto,94.7,94.1,124.68999030137518,94.9,22.2,0.7826,0.1476,87.453,43630.0,0.0,22815.0,29.13,high
044677,Hamilton,94.7,95.1,150.79594898928815,95.3,40.11,0.6407,0.5642,95.029,58719.0,1.0056610295504578,33125.0,24.93,high
044685,Portage,93.4,93.4,202.29958719932122,93.4,41.44,0.6608,0.3397,93.244,38173.0,0.0,27585.0,13.67,med
044693,Hamilton,94.5,95.3,183.23931708452386,94.5,58.64,0.5448,0.4524,100.373,41575.0,0.0,29255.0,24.93,high
044701,Cuyahoga,96.3,96.4,363.528919030287,96.5,58.09,0.1142,0.7598,111.542,87318.0,0.0,44116.0,18.81,med
044719,Hamilton,93.9,93.6,198.40615872087614,94.4,58.74,0.7713,0.3222,91.986,37824.0,0.0,26696.0,24.93,high
044727,Auglaize,95.7,95.9,199.37437024795236,96.1,34.91,0.4557,0.3125,101.447,43183.0,17.284594947070996,31176.0,7.75,low
044735,Columbiana,94.2,94.6,234.00178084088859,94.3,31.14,0.5292,0.4142,98.785,44174.0,295.8164153869954,27222.0,14.84,med
044743,Erie,94.2,93.7,225.24381174947158,94.0,52.96,0.8066,0.3864,86.808,35117.0,274.36470872464713,21241.0,17.94,med
044750,Cuyahoga,95.9,95.8,158.68735730814151,96.1,112.61,0.3578,0.6786,100.310,111619.0,0.0,44696.0,18.81,med
044768,Lorain,95.0,94.8,261.6039693850502,95.0,37.5,0.3985,0.5106,98.614,48636.0,0.0,34762.0,17.43,med
044776,Richland,95.8,96.2,255.94827937308807,96.0,38.85,0.458,0.3832,101.873,42182.0,0.0,29099.0,17.74,med
044784,Shelby,94.6,95.3,138.31101398037586,95.1,35.84,0.5786,0.3461,92.455,43993.0,0.0,28044.0,14.47,med
044792,Cuyahoga,95.0,94.5,223.43553592337562,94.9,60.37,0.5126,0.685,91.682,57392.0,0.0,37515.0,18.81,med
044800,Franklin,94.1,94.3,117.83239772939451,94.4,50.64,0.5731,0.4008,93.539,44836.0,12.5796842833458,31769.0,15.84,med
044818,Clark,93.6,93.2,90.4506011860943,93.8,42.81,0.9967,0.2048,83.218,34544.0,23.589888841902457,22442.0,24.20,high
044826,Jefferson,94.3,94.8,211.11422646532765,94.8,23.46,0.6639,0.1416,98.521,37443.0,0.0,22789.0,25.32,high
044834,Summit,95.7,95.7,152.3453183541154,95.8,42.97,0.2237,0.5718,102.847,61262.0,0.0,39792.0,20.39,med
044842,Cuyahoga,94.5,95.9,211.41277781392415,95.9,41.67,0.1821,0.6424,101.120,69978.0,0.0,43059.0,18.81,med
044859,Mahoning,94.0,94.5,220.2369875702252,94.4,46.97,0.6009,0.2121,96.444,35966.0,0.0,24927.0,19.91,med
044867,Hamilton,96.1,96.2,189.30872722442425,96.5,43.63,0.1654,0.688,108.699,129757.0,0.0,51335.0,24.93,high
044875,Lucas,96.0,96.2,153.1632433103292,96.2,47.59,0.2012,0.6495,103.957,83235.0,5.5164548671100215,42495.0,22.77,med
044883,Summit,95.3,95.6,245.2595418061299,95.4,50.18,0.23,0.5151,103.237,54046.0,0.0,35896.0,20.39,med
044891,Seneca,95.7,96.1,202.73728234145432,96.0,47.6,0.5108,0.3799,99.934,39939.0,0.0,27642.0,12.74,med
044909,Lucas,93.8,94.6,253.90598470991713,94.3,52.98,0.773,0.2359,81.901,35489.0,43.42668732165034,24267.0,22.77,med
044917,Jefferson,93.5,93.5,279.3445971127522,94.0,32.01,0.6182,0.1869,92.980,40615.0,0.0,28274.0,25.32,high
044925,Miami,95.9,95.8,48.55598557935074,95.9,34.34,0.4596,0.5201,101.933,53561.0,0.0,34042.0,14.71,med
044933,Franklin,95.8,95.9,236.5022791907859,96.1,49.37,0.0191,0.7585,107.180,124020.0,0.0,60889.0,15.84,med
044941,Champaign,94.5,94.9,240.33626899763516,94.9,45.9,0.5169,0.3442,96.300,43252.0,0.0,27276.0,15.28,med
044958,Montgomery,95.8,96.0,133.1869324076788,96.0,37.4,0.3159,0.5498,102.989,59302.0,0.0,34764.0,35.30,high
044966,Van Wert,96.7,96.3,178.03232131553037,96.5,43.92,0.5118,0.3256,98.883,40130.0,0.0,27849.0,10.61,low
044974,Medina,96.0,95.8,163.76842296897792,96.0,35.55,0.2238,0.4481,105.953,57141.0,0.003952923289990816,37720.0,8.13,low
044982,Auglaize,95.2,95.5,155.62972671368965,95.8,21.94,0.4435,0.3055,99.066,44293.0,0.0,31398.0,7.75,low
044990,Trumbull,92.4,92.0,124.59630351069508,92.6,46.4,0.9969,0.1609,77.715,33880.0,0.0,21523.0,21.98,med
045005,Cuyahoga,92.0,92.8,134.50638101192632,92.7,59.4,0.5933,0.5227,69.835,37517.0,0.0,25218.0,18.81,med
045013,Fayette,94.7,94.8,225.63148794381365,95.3,23.96,0.6202,0.1863,96.701,36176.0,0.0,24040.0,23.74,med
045021,Jackson,94.3,93.6,121.0666535442497,93.9,22.5,0.7425,0.1214,95.140,38087.0,0.0,28132.0,25.51,high
045039,Columbiana,94.2,94.2,274.25493353273765,94.2,22.65,0.8726,0.0927,96.103,37094.0,0.0,25574.0,14.84,med
045047,Franklin,95.5,95.8,140.70649809787733,95.7,54.62,0.3165,0.6184,102.706,66150.0,0.0,41738.0,15.84,med
045054,Montgomery,94.5,94.5,126.70052485431857,94.8,55.04,0.4704,0.4034,94.658,39216.0,0.0,28345.0,35.30,high
045062,Cuyahoga,95.4,95.4,231.8691745684985,95.5,33.45,0.1706,0.7601,106.431,101568.0,1.6209445895830086,45967.0,18.81,med
045070,Franklin,93.6,94.0,165.41443365704114,93.9,49.48,0.5862,0.2369,87.105,31902.0,0.0,23368.0,15.84,med
045088,Lake,95.8,95.2,237.52531602956688,95.4,56.97,0.3499,0.625,101.083,43903.0,0.0,31924.0,15.73,med
045096,Huron,94.6,94.4,215.38894133837718,95.0,35.91,0.5898,0.2679,95.618,39009.0,0.0,27122.0,16.35,med
045104,Lake,95.2,96.3,141.46584263788574,95.2,44.41,0.2732,0.6358,99.820,48197.0,80.4708958595264,32976.0,15.73,med
045112,Clinton,94.7,94.1,150.2191549809577,94.5,27.03,0.5523,0.4677,96.613,45416.0,0.0,29095.0,23.59,med
045120,Wayne,94.6,94.8,115.72368811911525,95.1,53.81,0.4883,0.5465,102.053,52406.0,0.0,29983.0,9.42,low
045138,Franklin,95.8,95.8,182.38009553057012,96.0,66.14,0.2531,0.6606,104.075,72762.0,0.14262140634119036,46421.0,15.84,med
045146,Hamilton,96.4,96.4,301.45419795301,96.6,39.15,0.0694,0.642,111.733,125044.0,0.0,64147.0,24.93,high
045153,Greene,94.2,94.0,115.98118979043154,94.1,35.29,0.5842,0.4226,92.927,45027.0,0.0,28955.0,18.27,med
045161,Mahoning,93.3,93.6,65.44274339692785,93.8,54.61,0.9857,0.1695,76.883,29199.0,281.3253243188927,19854.0,19.91,med
045179,Muskingum,94.2,94.0,111.9251294310311,94.0,26.79,0.7412,0.219,87.625,35687.0,0.0,21971.0,10.10,low
045195,Lorain,95.4,95.6,208.82983864266532,95.6,39.36,0.2536,0.4158,104.062,54693.0,0.0,37625.0,17.43,med
045203,Belmont,94.7,94.8,143.7387346556321,94.4,27.29,0.4266,0.2938,99.126,45817.0,0.0,29641.0,12.96,med
045211,Allen,96.0,96.1,243.29189841868043,95.9,25.05,0.2162,0.3117,107.260,50838.0,0.0,35828.0,11.16,low
045229,Miami,95.0,94.9,408.1587980880636,94.8,23.29,0.4875,0.2744,95.985,38587.0,0.0,28795.0,14.71,med
045237,Belmont,94.3,94.7,163.44363626246172,94.1,28.43,0.6044,0.2042,94.189,37951.0,0.0,24202.0,12.96,med
045245,Harrison,94.0,94.1,164.94596026486968,94.2,25.83,0.5584,0.2583,89.875,48943.0,0.0,30265.0,11.95,low
045252,Noble,94.7,94.9,245.12753740313389,94.7,27.84,0.427,0.3041,95.766,39721.0,9.420503486893756,26888.0,8.69,low
045260,Wyandot,95.7,96.2,296.42790436587194,95.9,28.77,0.3836,0.32,97.926,39638.0,0.0,30448.0,9.22,low
045278,Carroll,94.2,94.1,207.7499420119412,94.2,22.38,0.4635,0.3081,99.636,50435.0,2.444237115874788,32639.0,11.15,low
045286,Cuyahoga,95.8,95.8,374.51492080914346,95.9,56.52,0.0313,0.7624,109.249,156185.0,155.9940103660855,60516.0,18.81,med
045294,Lawrence,94.1,94.4,208.0868152771262,95.4,21.07,0.5606,0.1411,94.309,45452.0,0.0,29255.0,18.64,med
045302,Sandusky,95.7,95.2,238.43760189732274,95.8,41.88,0.4241,0.3507,99.975,40246.0,0.0,30419.0,14.34,med
045310,Mercer,96.4,97.1,305.9307205699157,96.9,36.3,0.1686,0.2927,107.026,49365.0,0.0,34175.0,9.40,low
045328,Columbiana,94.9,95.2,317.5032488960696,95.2,22.01,0.3675,0.4741,103.288,47914.0,0.0,30121.0,14.84,med
045336,Miami,96.5,96.4,401.5515486643861,96.4,24.73,0.3441,0.4009,98.083,46063.0,0.0,31602.0,14.71,med
045344,Crawford,94.2,93.7,408.74039670532255,93.7,51.36,0.6945,0.2824,87.954,34787.0,0.0,25547.0,19.25,med
045351,Perry,93.2,93.4,305.20559494588804,93.4,22.05,0.694,0.1276,91.756,36508.0,0.0,28258.0,11.12,low
045369,Lake,95.0,94.0,311.5211192740946,94.3,62.93,0.0036,0.4942,93.663,39470.0,0.0,27994.0,15.73,med
045377,Brown,93.6,93.8,191.67715441286583,93.9,23.25,0.5788,0.2163,96.677,41763.0,0.0,27875.0,27.59,high
045385,Sandusky,95.7,95.6,234.30678783758043,95.9,33.14,0.3913,0.2148,98.997,44038.0,0.0,32424.0,14.34,med
045393,Licking,95.6,96.3,262.34498092658725,96.0,54.99,0.0427,0.6055,107.950,103841.0,0.0,60193.0,12.90,med
045401,Highland,94.6,94.5,189.50359489697954,95.1,25.13,0.5744,0.23,91.585,35441.0,0.0,25895.0,21.95,med
045419,Defiance,95.0,96.5,352.723041224728,95.6,24.24,0.463,0.3161,105.000,41987.0,1.5024653829510901,29191.0,11.07,low
045427,Trumbull,94.1,94.5,246.5359197124322,94.5,38.3,0.4321,0.3028,101.441,42475.0,0.0,29198.0,21.98,med
045435,Hamilton,96.1,96.4,301.56594867146055,95.9,23.19,0.0602,0.71,111.510,275196.0,0.0,67139.0,24.93,high
045443,Columbiana,93.3,94.4,195.92727505662128,93.1,26.91,0.5371,0.1795,98.169,42550.0,0.0,28822.0,14.84,med
045450,Columbiana,93.8,93.9,232.541322225836,94.1,22.59,0.5544,0.1674,99.041,48314.0,0.0,28290.0,14.84,med
045468,Ashland,94.8,95.0,285.6031325083313,95.6,33.76,0.4539,0.4676,98.292,38338.0,0.0,27559.0,8.00,low
045476,Union,94.8,96.3,141.83552028908625,96.4,40.53,0.1573,0.4139,101.809,55143.0,0.0,41475.0,9.40,low
045484,Champaign,94.3,94.4,244.08127061933902,94.7,26.03,0.3222,0.3188,101.321,47525.0,0.0,34054.0,15.28,med
045492,Lake,95.7,95.7,162.9222027832248,95.8,46.82,0.2948,0.6073,103.251,57137.0,0.07308364003206158,38300.0,15.73,med
045500,Clermont,95.3,95.1,147.06190627448075,95.4,50.23,0.244,0.499,104.957,65675.0,0.0,42853.0,23.37,med
045518,Miami,94.8,95.4,242.31880316885633,95.1,38.33,0.4189,0.3559,99.229,46497.0,0.0,31425.0,14.71,med
045526,Williams,94.8,94.9,386.1655421920333,93.7,31.3,0.5423,0.2654,95.793,35848.0,0.0,25889.0,7.08,low
045534,Morrow,94.6,94.9,161.73572460008532,94.7,25.38,0.4243,0.3101,95.215,41252.0,0.0,29699.0,15.44,med
045542,Tuscarawas,95.1,95.0,204.22738006077455,95.0,37.8,0.6421,0.2367,94.476,36299.0,0.0,25966.0,9.13,low
045559,Clermont,95.1,94.9,150.6182228828261,95.3,26.68,0.4258,0.4531,102.678,63409.0,0.0,37745.0,23.37,med
045567,Trumbull,94.2,94.0,208.02594393993053,94.4,27.72,0.5418,0.219,98.244,41316.0,0.0,28550.0,21.98,med
045575,Paulding,95.3,95.4,315.2982541139733,94.9,25.85,0.4165,0.2988,99.543,40459.0,0.0,28128.0,8.92,low
045583,Wood,96.7,96.7,230.73603634898106,96.9,37.68,0.1095,0.6324,106.094,79616.0,0.0,50873.0,8.78,low
045591,Wayne,95.2,93.9,211.16629984601875,95.2,50.21,0.5163,0.3015,97.776,39663.0,0.0,29504.0,9.42,low
045609,Wood,95.1,95.3,302.0110341286426,94.6,41.75,0.4646,0.5404,98.496,52993.0,17.31063431777027,34334.0,8.78,low
045617,Miami,95.9,96.6,291.18424205501964,96.5,32.36,0.142,0.4549,104.953,61737.0,0.0,38945.0,14.71,med
045625,Wyandot,96.2,96.3,295.2831901572015,96.4,23.0,0.3999,0.4407,99.441,43442.0,0.0,29794.0,9.22,low
045633,Darke,96.9,97.4,318.64638848805646,97.1,26.12,0.175,0.3138,107.392,53253.0,0.0,34229.0,15.00,med
045641,Fulton,96.0,96.2,133.01583041305005,96.0,35.59,0.3819,0.3005,103.581,44850.0,0.0,31602.0,8.81,low
045658,Lorain,93.9,94.9,287.66703627960425,94.5,27.66,0.3871,0.4445,94.491,47430.0,0.0,33027.0,17.43,med
045666,Portage,93.5,93.4,289.9433435118121,93.4,37.7,0.853,0.1478,87.569,35416.0,0.0,26790.0,13.67,med
045674,Greene,95.2,95.6,186.06843593407592,95.4,44.19,0.3754,0.6011,103.159,69842.0,0.0,39547.0,18.27,med
045757,Allen,95.0,95.5,206.8818065073206,95.0,24.88,0.3787,0.2507,103.019,48004.0,0.0,34922.0,11.16,low
045765,Allen,94.6,95.0,307.8920013511792,95.1,32.3,0.5186,0.3817,101.101,46772.0,0.0,32387.0,11.16,low
045773,Allen,94.6,95.0,224.8012139533692,94.9,31.28,0.5036,0.3886,98.193,44467.0,0.0,30350.0,11.16,low
045781,Allen,94.6,94.5,311.6927076054783,94.6,27.38,0.7984,0.3311,96.551,38163.0,0.0,26317.0,11.16,low
045799,Allen,95.2,95.2,207.209358489271,95.3,32.15,0.3108,0.4802,103.973,70295.0,0.0,37346.0,11.16,low
045807,Allen,95.7,95.6,256.66776223817067,95.7,22.71,0.4323,0.3121,97.843,45857.0,0.0,32379.0,11.16,low
045823,Ashland,95.4,95.4,224.11039124534054,95.2,35.6,0.3319,0.3948,99.980,45295.0,0.0,34816.0,8.00,low
045831,Ashland,94.9,94.9,217.22227713801038,95.1,23.48,0.406,0.2888,97.225,45318.0,0.0,33572.0,8.00,low
045856,Ashtabula,94.5,95.3,215.40063364914755,95.0,35.62,0.4809,0.3327,99.570,42268.0,14.319241421476052,29326.0,20.10,med
045864,Ashtabula,94.8,95.1,136.6298962282433,95.2,23.7,0.4947,0.2744,97.743,41114.0,0.0,30682.0,20.10,med
045872,Ashtabula,94.5,94.6,179.11207327378978,94.5,26.39,0.4294,0.2995,97.080,47012.0,0.0,30870.0,20.10,med
045880,Ashtabula,94.4,94.2,246.2844575246201,94.3,29.3,0.5861,0.2838,99.269,37792.0,0.0,26544.0,20.10,med
045906,Athens,94.8,95.3,177.77756930034266,95.2,25.04,0.5139,0.2324,98.501,45895.0,0.0,31255.0,16.71,med
045914,Athens,95.5,94.7,91.33526117430685,94.3,23.75,0.6598,0.1983,90.220,41568.0,0.0,28288.0,16.71,med
045922,Athens,93.6,94.7,165.33173289983316,94.1,23.2,0.6604,0.0704,91.043,34479.0,0.0,26780.0,16.71,med
045948,Auglaize,97.2,97.4,328.0739029806408,97.3,39.87,0.1147,0.4953,109.897,61230.0,0.0,38168.0,7.75,low
045955,Auglaize,96.5,96.6,333.47435837051137,96.7,29.63,0.1015,0.4006,105.464,72080.0,0.0,37033.0,7.75,low
045963,Auglaize,97.1,97.1,288.98681641912964,97.3,26.25,0.1711,0.377,106.793,47305.0,0.0,32949.0,7.75,low
045971,Auglaize,95.4,95.7,190.67609254091283,95.6,22.0,0.3605,0.2529,98.805,47122.0,0.0,34073.0,7.75,low
045997,Belmont,94.6,95.5,259.2190968555469,94.9,21.86,0.3056,0.4557,98.163,61483.0,0.0,34745.0,12.96,med
046003,Belmont,95.4,95.7,246.1481882880557,95.2,32.43,0.2995,0.2402,95.799,44932.0,0.0,29908.0,12.96,med
046011,Belmont,94.7,95.3,115.9348304691647,94.6,22.28,0.3416,0.2062,92.952,50274.0,0.0,31769.0,12.96,med
046037,Brown,94.9,95.0,103.59407689801414,94.9,27.34,0.4929,0.2353,99.865,41904.0,0.0,29702.0,27.59,high
046045,Brown,95.7,95.4,155.3135655259506,95.7,23.56,0.4315,0.2007,98.223,45716.0,0.0,34378.0,27.59,high
046060,Brown,95.8,95.4,186.2452677089796,95.8,22.88,0.5116,0.1468,96.395,41018.0,0.0,30539.0,27.59,high
046078,Brown,94.2,93.9,115.77679618752546,94.4,26.35,0.6865,0.175,96.208,40820.0,0.0,26200.0,27.59,high
046094,Butler,94.5,94.5,173.10924275913547,94.3,33.83,0.3752,0.4073,97.281,46310.0,0.0,36010.0,27.67,high
046102,Butler,96.0,96.2,128.64296115680952,96.4,41.32,0.3425,0.487,99.342,51984.0,0.0,36096.0,27.67,high
046110,Butler,98.1,98.7,133.417462234689,97.6,40.95,0.1904,0.4828,105.814,81332.0,0.0,52467.0,27.67,high
046128,Butler,95.0,95.0,218.3421446140748,95.1,31.67,0.3606,0.3432,97.942,49330.0,0.0,35453.0,27.67,high
046136,Butler,93.7,93.9,180.13446048057108,93.4,22.63,0.9931,0.1865,89.402,32165.0,0.0,24105.0,27.67,high
046144,Butler,95.9,95.9,225.95666188868114,96.3,24.14,0.2589,0.4241,106.110,58059.0,0.0,39202.0,27.67,high
046151,Butler,95.0,95.2,263.3540802570368,95.6,26.51,0.3451,0.5932,102.395,53380.0,0.0,34073.0,27.67,high
046177,Carroll,94.1,94.1,355.5941857074104,94.6,33.49,0.4767,0.4375,93.635,48321.0,2.075180007734065,31552.0,11.15,low
046193,Champaign,95.6,95.3,192.633751922753,95.4,22.0,0.3523,0.2291,94.910,45641.0,0.0,34281.0,15.28,med
046201,Champaign,94.5,94.5,334.21131500933024,94.7,26.05,0.3733,0.3393,96.892,47692.0,0.0,34458.0,15.28,med
046219,Champaign,95.0,95.5,237.20393477000073,95.6,22.0,0.2232,0.3093,104.521,47690.0,0.0,35119.0,15.28,med
046235,Clark,94.6,94.9,217.51904249461802,94.8,31.6,0.3392,0.3937,99.729,54470.0,0.0,35677.0,24.20,high
046243,Clark,94.9,95.1,152.2245965164728,95.3,34.21,0.5219,0.2511,97.443,43759.0,0.0,29613.0,24.20,high
046250,Clark,95.0,95.3,221.57155951064453,95.3,33.01,0.2794,0.3498,99.848,51505.0,0.0,35852.0,24.20,high
046268,Clark,94.9,95.0,244.76443187863157,95.0,32.09,0.3713,0.4257,99.140,52190.0,0.0,34157.0,24.20,high
046276,Clark,95.7,95.8,347.66739179011233,95.6,28.15,0.3164,0.4044,101.273,48421.0,0.0,35287.0,24.20,high
046284,Clark,94.9,95.6,218.37379668144683,95.3,31.43,0.3703,0.4297,101.430,54090.0,0.0,33321.0,24.20,high
046300,Clermont,94.4,94.3,118.18518129724693,94.5,47.32,0.452,0.3567,98.588,53995.0,0.0,34386.0,23.37,med
046318,Clermont,94.6,94.3,140.18457868536146,95.0,28.27,0.4612,0.1936,102.122,44579.0,0.0,31905.0,23.37,med
046326,Clermont,94.4,94.2,227.74678304786954,95.1,26.71,0.4473,0.483,98.828,50726.0,0.0,34843.0,23.37,med
046334,Clermont,93.3,93.4,126.73663474864162,93.8,30.33,0.5975,0.152,93.644,41660.0,0.0,29769.0,23.37,med
046342,Clermont,94.9,95.0,122.66101124219533,95.1,24.23,0.5379,0.2933,104.173,44445.0,0.0,31838.0,23.37,med
046359,Clermont,94.6,95.0,55.93927037231686,95.3,33.98,0.3801,0.499,98.231,50214.0,0.0,34447.0,23.37,med
046367,Clermont,94.2,94.9,290.5895783484742,94.6,39.74,0.4584,0.3357,100.213,46557.0,0.0,32141.0,23.37,med
046383,Clinton,95.4,94.9,223.2205656841703,95.2,24.99,0.4779,0.1752,104.778,40833.0,0.0,30453.0,23.59,med
046391,Clinton,95.5,95.7,241.50535817407075,95.8,23.68,0.2462,0.2604,101.763,61272.0,0.0,38014.0,23.59,med
046409,Clinton,94.1,94.2,170.78258304093717,94.6,25.51,0.5777,0.1899,97.485,40023.0,0.0,28459.0,23.59,med
046425,Columbiana,94.3,94.2,171.70123125757482,94.1,27.31,0.4066,0.2826,99.346,49670.0,0.0,33266.0,14.84,med
046433,Columbiana,94.6,95.1,272.3843610000976,95.1,22.08,0.4036,0.2746,99.594,52084.0,0.0,34003.0,14.84,med
046441,Columbiana,93.8,93.3,75.91116301933758,93.7,29.85,0.5341,0.1433,96.061,49998.0,0.0,31867.0,14.84,med
046458,Columbiana,94.9,95.3,271.1716513613382,95.1,22.29,0.4582,0.2503,100.582,48434.0,3.0995579935504103,32332.0,14.84,med
046474,Coshocton,95.5,95.8,207.89782953685858,95.7,22.05,0.5712,0.2058,99.192,40145.0,0.0,29310.0,9.54,low
046482,Coshocton,95.3,95.4,152.0579859095723,95.3,22.07,0.4791,0.3912,98.044,41476.0,0.0,30011.0,9.54,low
046508,Crawford,95.1,95.3,270.4434939684163,94.9,25.83,0.4171,0.3893,98.612,43000.0,0.0,32117.0,19.25,med
046516,Crawford,95.8,96.0,361.0923655673219,95.8,37.89,0.3327,0.4059,97.592,49252.0,0.0,32845.0,19.25,med
046524,Crawford,95.8,96.0,231.34100701293303,95.9,35.54,0.4084,0.2956,97.923,43779.0,0.0,31640.0,19.25,med
046557,Cuyahoga,96.0,96.2,669.6827700739177,96.3,34.54,0.2286,0.5727,109.073,52134.0,0.0,33412.0,18.81,med
046565,Cuyahoga,95.4,95.6,427.3909991625381,95.5,33.55,0.1125,0.8176,108.115,74476.0,0.0,42233.0,18.81,med
046573,Cuyahoga,96.0,96.2,194.25668445173855,96.4,51.11,0.1766,0.5399,106.549,58700.0,10.11234833310431,41443.0,18.81,med
046581,Cuyahoga,95.6,95.7,488.9280460119814,95.6,49.91,0.1298,0.8009,106.781,230528.0,0.0,70664.0,18.81,med
046599,Cuyahoga,95.2,95.8,209.23630913154176,95.5,50.08,0.4475,0.6713,82.517,49623.0,0.0,32434.0,18.81,med
046607,Cuyahoga,96.9,96.7,149.2413205741018,96.9,55.07,0.1119,0.7002,110.906,111741.0,0.0,52848.0,18.81,med
046623,Darke,96.1,95.8,82.88669983793594,95.5,23.09,0.3663,0.2767,99.273,38694.0,0.0,30698.0,15.00,med
046631,Darke,96.0,96.0,256.5821442440572,95.9,23.89,0.2543,0.3571,98.641,45337.0,0.0,32625.0,15.00,med
046649,Darke,96.3,96.3,324.80360724421985,96.3,23.48,0.2236,0.2649,101.480,48143.0,0.0,33535.0,15.00,med
046672,Darke,96.0,96.0,115.67089313646996,96.4,22.85,0.5489,0.2717,97.175,37173.0,0.0,26369.0,15.00,med
046680,Darke,95.5,95.4,266.71528012994264,95.5,23.41,0.4499,0.3773,97.402,42368.0,0.0,31124.0,15.00,med
046706,Defiance,96.7,97.4,412.3186306913315,95.7,43.88,0.3208,0.3894,103.312,49255.0,0.0,34074.0,11.07,low
046714,Defiance,96.1,95.9,290.71232751038985,95.7,27.4,0.3496,0.3035,103.275,43041.0,0.0,31905.0,11.07,low
046722,Defiance,96.5,96.5,215.612277999651,96.3,30.02,0.2425,0.4989,104.614,54469.0,0.0,36695.0,11.07,low
046748,Delaware,94.9,95.6,160.55881659023737,95.4,30.42,0.19,0.6843,104.554,77532.0,0.0,45463.0,7.31,low
046755,Delaware,94.9,95.1,213.21838090104166,95.1,25.85,0.2473,0.6188,102.306,69663.0,0.0,47304.0,7.31,low
046763,Delaware,95.9,96.1,215.4923745849559,95.6,46.3,0.0758,0.6956,107.492,112360.0,0.0,73956.0,7.31,low
046789,Erie,95.4,95.6,298.70424352430933,95.3,35.35,0.3473,0.3678,100.716,52169.0,0.0,33051.0,17.94,med
046805,Erie,95.3,95.4,399.8472107553821,95.3,56.59,0.3743,0.37,99.496,44159.0,0.0,32236.0,17.94,med
046813,Erie,95.6,95.3,220.2033287225731,95.4,30.58,0.3231,0.4336,97.826,54099.0,0.0,33652.0,17.94,med
046821,Erie,93.9,94.6,259.5185980128406,94.5,57.68,0.3566,0.6124,97.904,49876.0,0.0,32160.0,17.94,med
046847,Fairfield,94.3,95.1,129.1548632005332,95.1,22.03,0.3791,0.2527,97.082,47921.0,0.0,34510.0,11.12,low
046854,Fairfield,95.7,95.8,174.9125371257646,95.8,22.33,0.2825,0.417,99.959,44458.0,0.0,32696.0,11.12,low
046862,Fairfield,95.1,95.3,257.74685301520884,95.3,24.83,0.2025,0.608,104.062,61298.0,0.0,43482.0,11.12,low
046870,Fairfield,95.7,95.7,242.68755612556993,95.7,23.62,0.3613,0.4017,100.847,48168.0,0.0,33599.0,11.12,low
046888,Fairfield,95.3,95.6,369.25190466099866,95.6,22.75,0.3385,0.4243,100.383,50665.0,0.0,36713.0,11.12,low
046896,Fairfield,95.6,95.5,152.8184982723423,95.8,35.13,0.1799,0.4599,103.326,67481.0,0.0,46341.0,11.12,low
046904,Fairfield,94.7,93.9,220.3836546534712,94.2,25.8,0.4799,0.5763,97.697,45913.0,0.0,31607.0,11.12,low
046920,Fayette,94.7,94.7,160.0859369668438,95.0,28.23,0.4898,0.4139,98.265,43988.0,0.0,29671.0,23.74,med
046946,Franklin,94.7,95.2,166.8270167699741,95.2,44.25,0.2911,0.4846,100.336,57541.0,0.0,42490.0,15.84,med
046953,Franklin,95.3,95.2,236.484639888081,95.6,25.46,0.6259,0.1694,100.496,37358.0,0.0,28408.0,15.84,med
046961,Franklin,95.1,95.2,128.1398088695395,95.2,48.65,0.2704,0.5998,101.849,75283.0,0.0,45374.0,15.84,med
046979,Franklin,94.7,93.9,62.24673410793363,94.0,40.57,0.6218,0.3497,91.799,38983.0,0.0,30053.0,15.84,med
046995,Franklin,95.6,95.8,257.1467619998999,95.7,50.87,0.0809,0.7244,106.278,201784.0,0.0,75336.0,15.84,med
047001,Franklin,95.0,95.1,81.62691271185302,95.4,40.6,0.479,0.3798,100.897,47482.0,0.0,32906.0,15.84,med
047019,Franklin,96.2,96.3,220.81201983777356,96.4,57.06,0.2457,0.5982,103.567,70004.0,0.0,47824.0,15.84,med
047027,Franklin,95.7,95.8,209.8878530701594,96.0,56.58,0.1499,0.7584,107.482,92172.0,7.493467459367228,50124.0,15.84,med
047043,Fulton,96.2,96.3,433.6319003174849,96.2,38.04,0.2831,0.4306,103.153,53046.0,0.0,34663.0,8.81,low
047050,Fulton,95.6,95.9,290.44003784299724,95.6,25.09,0.3068,0.4589,102.073,51726.0,0.0,36179.0,8.81,low
047068,Fulton,95.9,95.9,372.837352916863,95.5,37.55,0.4028,0.2891,99.583,39283.0,0.0,28682.0,8.81,low
047076,Fulton,96.1,96.6,1467.4351055640786,96.3,32.29,0.2321,0.2956,106.292,49856.0,0.28929422907840474,32741.0,8.81,low
047084,Fulton,95.8,95.6,312.11396595593914,95.7,38.73,0.4488,0.3023,98.817,45462.0,0.0,32640.0,8.81,low
047092,Fulton,95.0,94.9,319.07359030968945,94.9,31.78,0.4168,0.4623,100.129,48411.0,0.0,34462.0,8.81,low
047167,Geauga,95.1,94.5,314.2599909147695,94.6,22.42,0.1942,0.5235,101.848,51268.0,0.0,34699.0,8.31,low
047175,Geauga,95.8,95.5,262.5816901122059,95.7,30.33,0.3738,0.4247,98.041,41681.0,0.0,29633.0,8.31,low
047183,Geauga,95.8,95.6,163.95719042172433,95.8,37.17,0.1958,0.5965,106.037,68331.0,0.19326540514126786,40457.0,8.31,low
047191,Geauga,96.8,96.5,315.94578733778604,96.5,44.99,0.1223,0.6629,106.861,117332.0,0.0,55733.0,8.31,low
047209,Geauga,95.3,95.3,241.29583804528264,95.4,26.08,0.3459,0.4016,93.209,51449.0,0.0,37592.0,8.31,low
047217,Geauga,94.5,94.5,484.8349867405869,94.8,38.11,0.3466,0.6515,101.156,60995.0,0.0,35939.0,8.31,low
047225,Geauga,95.6,95.4,281.262276265735,95.8,31.53,0.1496,0.6347,106.881,112630.0,0.0,43875.0,8.31,low
047241,Greene,95.2,95.7,145.04521213224746,95.7,34.03,0.1356,0.6625,105.779,77039.0,0.0,49051.0,18.27,med
047258,Greene,95.3,95.4,387.4065979766508,94.8,25.84,0.1986,0.4162,105.012,50483.0,0.0,33170.0,18.27,med
047266,Greene,94.4,94.9,273.53263691204523,94.7,25.96,0.3143,0.4012,99.190,50697.0,0.0,35819.0,18.27,med
047274,Greene,96.0,96.0,304.3423994224463,96.1,36.43,0.1648,0.5679,108.019,91719.0,0.0,50851.0,18.27,med
047308,Guernsey,94.4,94.6,182.10928237052198,94.3,27.04,0.5709,0.2807,94.022,39943.0,0.0,26150.0,17.58,med
047332,Hamilton,96.0,95.8,202.85175285917353,96.0,67.3,0.44,0.5213,98.546,53794.0,0.0,37342.0,24.93,high
047340,Hamilton,96.9,96.3,232.0508109792417,96.9,48.7,0.1336,0.5236,107.463,98571.0,0.0873954355135066,50548.0,24.93,high
047365,Hamilton,94.5,94.7,178.89097884552982,95.0,40.8,0.499,0.4536,96.105,52865.0,0.0,35013.0,24.93,high
047373,Hamilton,94.8,94.6,142.3886418227179,95.2,25.09,0.1465,0.3176,101.561,59859.0,5.537165246674937,38123.0,24.93,high
047381,Hamilton,95.0,95.2,186.7370818031071,95.4,25.93,0.3288,0.4149,100.818,48622.0,0.0,33531.0,24.93,high
047399,Hamilton,95.0,94.6,138.3757833284533,95.1,38.93,0.3984,0.5121,102.369,69750.0,0.0,43247.0,24.93,high
047415,Hancock,96.5,96.4,793.9141394646543,96.4,28.76,0.3481,0.4464,100.697,52624.0,0.0,34064.0,10.04,low
047423,Hancock,96.3,96.4,386.6911240493437,96.3,20.05,0.2651,0.366,99.533,50822.0,0.0,36732.0,10.04,low
047431,Hancock,95.6,95.5,324.49507575507903,95.8,26.94,0.4032,0.426,97.528,48544.0,0.0,34868.0,10.04,low
047449,Hancock,96.9,96.6,263.07522124322094,96.7,29.69,0.2241,0.4213,103.763,74252.0,0.0,38817.0,10.04,low
047456,Hancock,95.7,95.9,363.2191016451558,96.0,28.46,0.4157,0.3464,97.525,44145.0,0.0,32923.0,10.04,low
047464,Hancock,96.8,96.8,279.1234514334366,96.7,32.72,0.1711,0.531,104.149,70644.0,0.0,43215.0,10.04,low
047472,Hancock,96.3,95.6,519.8300161741465,96.0,29.18,0.3182,0.3951,94.360,56698.0,0.0,37054.0,10.04,low
047498,Hardin,95.3,95.0,171.4425956255049,95.6,23.4,0.4327,0.3881,91.890,46633.0,0.0,34330.0,15.28,med
047506,Hardin,94.8,94.9,329.84442906495224,94.7,22.0,0.3917,0.365,93.766,43680.0,0.0,32306.0,15.28,med
047514,Hardin,95.6,95.4,332.39241863760446,95.4,23.5,0.42,0.3009,98.496,47030.0,0.0,32882.0,15.28,med
047522,Hardin,93.9,94.5,336.38174548591275,93.7,25.74,0.5266,0.2769,91.764,39037.0,0.0,29247.0,15.28,med
047548,Harrison,93.9,94.8,339.75276329135926,94.5,33.5,0.6044,0.3622,92.061,44223.0,0.0,32340.0,11.95,low
047571,Henry,96.4,96.2,402.340259327255,96.2,24.82,0.2425,0.3193,99.183,45600.0,0.0,34732.0,8.79,low
047589,Henry,96.3,96.1,398.06256432941143,96.2,35.5,0.3727,0.3525,103.536,49513.0,0.0,35878.0,8.79,low
047597,Henry,96.4,96.1,401.89341677647445,95.5,38.05,0.4131,0.4128,100.930,44873.0,0.0,33129.0,8.79,low
047613,Highland,94.3,94.2,126.58489594563841,94.3,24.38,0.5498,0.1811,92.720,37362.0,0.0,27595.0,21.95,med
047621,Highland,95.6,95.4,137.4018684165299,95.8,23.18,0.4417,0.1645,101.071,40989.0,0.0,30576.0,21.95,med
047639,Highland,94.5,94.8,167.8776133825352,94.7,25.23,0.4257,0.1524,101.559,41508.0,0.0,31600.0,21.95,med
047688,Holmes,95.7,96.2,189.24596794768195,96.1,24.19,0.3534,0.4321,102.846,42386.0,0.0,26675.0,6.71,low
047696,Holmes,95.1,95.2,169.67986263267164,95.3,29.58,0.4187,0.352,98.302,42776.0,0.0,28506.0,6.71,low
047712,Huron,95.7,95.8,271.92771487318413,95.8,29.6,0.2748,0.4637,97.397,50129.0,0.0,34886.0,16.35,med
047720,Huron,94.7,95.4,482.5358436112437,95.3,24.81,0.367,0.2972,97.985,41791.0,0.0,30769.0,16.35,med
047738,Huron,94.9,94.9,146.5774044909823,95.0,23.39,0.4656,0.2583,100.320,39267.0,0.0,30977.0,16.35,med
047746,Huron,95.5,95.2,299.2259305322029,95.6,25.22,0.4174,0.3314,100.139,45339.0,0.0,32531.0,16.35,med
047761,Jackson,93.9,94.0,224.87246335211256,94.1,22.16,0.5595,0.1569,97.021,38904.0,0.0,27886.0,25.51,high
047787,Jefferson,94.0,93.8,164.3159270617972,93.8,22.75,0.6182,0.3021,94.575,42189.0,0.0,28804.0,25.32,high
047795,Jefferson,94.1,94.1,161.5220126654761,94.0,23.49,0.6084,0.3717,96.739,52080.0,0.0,33144.0,25.32,high
047803,Jefferson,93.7,93.7,128.52679023987548,93.8,28.04,0.519,0.3286,94.667,47477.0,0.21351619374609931,29746.0,25.32,high
047829,Knox,95.2,94.6,245.79725454486234,96.0,25.21,0.2158,0.3408,101.581,51464.0,0.0,38675.0,12.62,med
047837,Knox,95.3,95.2,220.39966302664632,95.0,24.51,0.5368,0.3028,91.668,38993.0,0.0,28812.0,12.62,med
047845,Knox,94.3,94.0,178.20096680271536,94.1,24.27,0.4161,0.3733,99.566,49953.0,0.0,33575.0,12.62,med
047852,Knox,94.6,95.1,193.47937085713613,95.1,31.05,0.3356,0.3045,100.894,44749.0,0.0,32648.0,12.62,med
047878,Lake,96.2,96.3,422.85861668789744,96.5,41.0,0.0214,0.7524,105.665,113858.0,0.0,45264.0,15.73,med
047886,Lake,95.7,95.6,166.41327872058235,95.8,27.87,0.3975,0.3447,98.075,46723.0,0.0,32032.0,15.73,med
047894,Lake,96.1,95.1,87.62286373071596,95.3,28.42,0.2379,0.5717,101.402,65274.0,0.0,41772.0,15.73,med
047902,Lake,95.5,95.8,460.1679018084029,95.9,34.97,0.2407,0.524,102.815,55845.0,0.0,38536.0,15.73,med
047928,Lawrence,94.5,94.4,453.74325189618133,94.4,22.12,0.5969,0.1025,94.896,41492.0,0.0,27973.0,18.64,med
047936,Lawrence,95.1,94.9,165.194973855645,95.3,22.07,0.4432,0.2244,104.683,52130.0,0.0,33247.0,18.64,med
047944,Lawrence,93.9,94.0,161.48163916588533,93.8,23.33,0.6563,0.1138,95.137,40098.0,0.0,26649.0,18.64,med
047951,Lawrence,94.7,94.8,150.77593677916943,94.4,22.47,0.6903,0.178,95.753,41163.0,0.0,27144.0,18.64,med
047969,Lawrence,94.5,94.5,244.68995679034106,94.4,23.48,0.6513,0.1192,100.613,40758.0,0.0,29670.0,18.64,med
047985,Licking,94.8,95.0,199.74068331828292,94.8,31.98,0.2536,0.5407,102.973,55027.0,0.0,38331.0,12.90,med
047993,Licking,94.6,95.4,130.80675946160153,95.3,38.2,0.5047,0.526,96.410,51561.0,0.0,32662.0,12.90,med
048009,Licking,94.7,95.1,83.3785320048318,95.1,35.62,0.3825,0.4284,98.541,54765.0,0.0,43609.0,12.90,med
048017,Licking,94.6,94.9,170.20519522525112,95.1,24.63,0.407,0.3153,98.787,45066.0,0.0,31809.0,12.90,med
048025,Licking,94.1,94.6,131.29154907333333,94.2,22.06,0.3177,0.3439,97.703,44904.0,0.0,32553.0,12.90,med
048033,Licking,95.2,94.9,184.87280941884296,95.0,30.86,0.2328,0.4729,98.867,54981.0,0.0,38998.0,12.90,med
048041,Licking,94.6,94.6,155.89755870595081,94.9,30.26,0.2992,0.5167,100.242,58036.0,0.0,43345.0,12.90,med
048074,Logan,95.9,95.8,228.6231320018443,95.9,26.86,0.2796,0.381,100.363,49091.0,0.0,35095.0,12.58,med
048082,Logan,95.5,95.6,213.17256526187805,95.5,27.7,0.497,0.4906,98.508,45567.0,0.0,29809.0,12.58,med
048090,Logan,94.7,95.0,243.3763894026079,94.9,23.02,0.4777,0.3177,95.665,41727.0,0.0,31143.0,12.58,med
048116,Lorain,95.9,96.2,185.3907961758594,96.3,35.65,0.1063,0.673,106.752,86567.0,0.0,57901.0,17.43,med
048124,Lorain,95.8,96.0,278.57446867047366,96.0,44.01,0.0819,0.6717,108.946,88795.0,2.8553461962347195,51343.0,17.43,med
048132,Lorain,94.1,95.2,182.30360473228535,95.2,37.54,0.6505,0.1656,95.207,32692.0,0.0,22985.0,17.43,med
048140,Lorain,94.9,96.4,310.9767303811805,96.4,34.59,0.2947,0.5165,102.113,57550.0,0.0,36533.0,17.43,med
048157,Lorain,95.0,95.1,253.17472349801108,95.2,31.59,0.265,0.4067,103.133,53100.0,0.0,36338.0,17.43,med
048165,Lorain,95.1,95.4,192.90894398713547,95.2,23.66,0.2807,0.3462,100.008,53456.0,0.0,37238.0,17.43,med
048173,Lorain,95.1,95.6,196.3706413419384,95.5,26.4,0.3576,0.36,98.961,49797.0,0.0,34649.0,17.43,med
048207,Lucas,96.1,96.3,95.5760661254707,96.4,30.38,0.1532,0.5946,107.462,82044.0,0.0,49365.0,22.77,med
048215,Lucas,96.2,96.4,562.6115210141664,96.4,93.78,0.0,0.7075,110.026,274594.0,0.0,67405.0,22.77,med
048223,Lucas,94.3,94.7,160.43308372199257,94.4,41.48,0.4478,0.6171,99.903,62415.0,33.0514982827796,34947.0,22.77,med
048231,Lucas,95.4,95.0,146.1051068614768,95.1,51.06,0.5656,0.4364,97.549,39982.0,0.0,28583.0,22.77,med
048256,Madison,95.0,95.1,475.0285111085063,95.3,32.11,0.3798,0.4119,94.775,52441.0,0.0,32719.0,14.99,med
048264,Madison,95.4,95.6,109.91484765312025,96.0,22.16,0.2643,0.4196,103.241,58418.0,0.0,37453.0,14.99,med
048272,Madison,94.6,95.0,251.28810287957452,94.6,43.56,0.4538,0.4558,92.926,51292.0,0.0,35344.0,14.99,med
048298,Mahoning,93.9,95.2,96.61998620617605,94.6,35.44,0.4729,0.3465,97.685,42743.0,0.0,30311.0,19.91,med
048306,Mahoning,95.1,95.5,196.8808138924921,95.2,39.8,0.42,0.5995,103.362,49488.0,1.9916489254880607,30620.0,19.91,med
048314,Mahoning,95.6,95.7,243.3267376053036,95.7,31.64,0.1428,0.5763,107.777,86334.0,0.0,44049.0,19.91,med
048322,Mahoning,94.3,95.0,417.4445316839763,94.7,29.5,0.467,0.4817,98.290,48729.0,0.0,32050.0,19.91,med
048330,Mahoning,94.2,94.3,293.28251473624385,95.1,33.52,0.4261,0.1637,100.953,44167.0,0.0,30414.0,19.91,med
048348,Mahoning,95.8,95.8,94.96655505854773,95.6,40.95,0.0095,0.5332,105.145,71422.0,53.56347328202348,39588.0,19.91,med
048355,Mahoning,94.9,95.0,294.73521755848225,95.2,37.22,0.6149,0.2158,95.781,35400.0,0.0,24374.0,19.91,med
048363,Mahoning,95.6,95.8,233.17088722174447,95.5,32.32,0.2611,0.418,105.930,59585.0,0.0,36365.0,19.91,med
048371,Mahoning,95.6,95.2,231.24467156800324,95.6,22.0,0.3487,0.4258,103.401,49961.0,0.0,32276.0,19.91,med
048389,Mahoning,95.1,95.5,197.8275913716796,95.4,22.3,0.3626,0.2077,100.374,49373.0,0.0,31312.0,19.91,med
048397,Mahoning,95.5,95.6,421.59559371703006,95.5,31.8,0.2798,0.3692,102.350,66515.0,0.0,36997.0,19.91,med
048413,Marion,94.7,94.6,237.034066637762,94.5,36.56,0.5147,0.3187,93.558,44363.0,0.0,32650.0,21.70,med
048421,Marion,95.8,96.2,301.9044341512819,97.7,30.87,0.2707,0.3368,101.910,59467.0,0.0,34966.0,21.70,med
048439,Marion,93.7,94.9,262.8064228731722,94.2,28.57,0.4875,0.3337,92.033,47379.0,0.0,35066.0,21.70,med
048447,Marion,95.4,95.5,135.09164287786245,95.2,28.31,0.3361,0.3269,97.737,50701.0,0.0,34026.0,21.70,med
048462,Medina,95.3,95.5,244.27554520619293,95.0,23.36,0.4464,0.2639,98.464,45404.0,0.0,33694.0,8.13,low
048470,Medina,95.8,95.9,247.33071299769253,95.9,33.89,0.2701,0.4842,102.060,58174.0,0.0,41561.0,8.13,low
048488,Medina,95.2,95.5,221.08415319868428,95.4,29.01,0.3514,0.498,100.281,50367.0,0.0,34334.0,8.13,low
048496,Medina,96.4,96.6,265.5500382707814,96.7,31.39,0.1059,0.657,106.395,90259.0,0.0,51819.0,8.13,low
048512,Meigs,94.5,94.6,228.32768653718048,94.5,20.0,0.4479,0.1424,94.837,42876.0,0.0,30590.0,17.72,med
048520,Meigs,94.3,93.7,125.30314118794779,93.9,20.0,0.6543,0.1129,92.938,37445.0,0.0,26250.0,17.72,med
048538,Meigs,95.5,95.0,170.74818862281998,95.4,23.27,0.6455,0.2105,96.789,41217.0,0.0,28578.0,17.72,med
048553,Mercer,97.3,97.6,423.84446023924806,97.5,31.1,0.0561,0.2992,109.299,50308.0,0.0,38989.0,9.40,low
048579,Mercer,95.9,95.9,353.6109398029425,96.0,31.26,0.3526,0.3095,103.756,41626.0,0.0,31225.0,9.40,low
048587,Mercer,97.4,97.5,382.48420919748094,97.6,28.87,0.0965,0.2797,107.624,56411.0,0.41913406490201016,37638.0,9.40,low
048595,Mercer,96.7,97.1,281.4612257345217,97.0,20.73,0.1633,0.3194,104.903,62637.0,0.0,34905.0,9.40,low
048611,Miami,95.9,95.7,239.28836663877652,96.1,28.02,0.1448,0.4728,100.612,60296.0,0.0,40494.0,14.71,med
048629,Miami,96.3,95.9,300.6109395849018,96.3,23.85,0.229,0.4821,103.075,53689.0,0.0,37793.0,14.71,med
048637,Miami,96.3,96.6,374.0278779707562,96.5,23.69,0.2452,0.4091,106.007,49199.0,0.0,35932.0,14.71,med
048652,Monroe,93.9,94.2,139.92255583593254,94.0,34.49,0.5993,0.35,87.961,51551.0,0.0,31259.0,10.35,low
048678,Montgomery,96.3,96.2,290.36218143384906,96.6,36.25,0.3214,0.3899,104.059,49958.0,-0.008549139837127285,33764.0,35.30,high
048686,Montgomery,92.8,93.6,212.50339270738067,93.2,49.69,0.9657,0.3222,81.236,38420.0,0.0,27930.0,35.30,high
048694,Montgomery,93.5,93.4,123.22655101013574,93.3,46.26,0.8436,0.2005,78.249,33858.0,0.0,23890.0,35.30,high
048702,Montgomery,94.1,94.5,125.8176130241934,94.5,49.78,0.5966,0.2187,94.183,38537.0,0.009939853719242091,25256.0,35.30,high
048710,Montgomery,94.5,95.3,253.74636286374084,94.9,30.33,0.5179,0.2972,97.272,40104.0,0.0,28551.0,35.30,high
048728,Montgomery,95.7,96.0,51.29140680795614,95.9,49.22,0.3343,0.4523,101.164,52291.0,0.0,35806.0,35.30,high
048736,Montgomery,93.0,94.1,225.99082091397003,93.8,57.0,0.8687,0.3141,85.179,30374.0,0.0,21418.0,35.30,high
048744,Montgomery,94.5,95.2,262.9305184551409,94.6,24.17,0.2507,0.3967,102.318,53545.0,0.0,36360.0,35.30,high
048751,Montgomery,94.2,94.7,113.95650736563972,94.8,45.41,0.4871,0.3852,94.659,47338.0,0.0,32886.0,35.30,high
048777,Morgan,94.6,94.1,95.23608984045633,94.5,24.93,0.5928,0.1764,97.171,37230.0,0.0,26523.0,15.01,med
048793,Morrow,94.9,94.7,148.32273357204062,95.0,24.65,0.5177,0.1824,96.013,41320.0,0.0,31565.0,15.44,med
048801,Morrow,95.7,94.9,175.88757437684,95.5,22.56,0.4694,0.281,100.500,45462.0,0.0,32760.0,15.44,med
048819,Morrow,94.8,94.9,166.00766148783765,94.7,23.33,0.4755,0.3471,96.108,45521.0,0.0,33021.0,15.44,med
048835,Muskingum,95.2,95.2,143.96940422233305,95.5,23.79,0.3373,0.316,102.739,53151.0,0.0,33818.0,10.10,low
048843,Muskingum,94.8,94.5,178.0011426697087,94.5,23.44,0.5701,0.2814,98.418,40867.0,0.0,28746.0,10.10,low
048850,Muskingum,94.2,94.6,177.263962357725,94.6,21.99,0.6014,0.1528,97.272,38147.0,0.0,26246.0,10.10,low
048876,Muskingum,95.0,95.0,0.0,95.2,22.26,0.4145,0.2554,101.692,45582.0,0.0,30520.0,10.10,low
048884,Muskingum,94.2,94.9,119.73029434010171,94.8,21.99,0.4927,0.3483,98.941,55377.0,0.0,29820.0,10.10,low
048900,Noble,94.9,95.1,180.75720871253552,94.7,28.3,0.42,0.3137,93.227,46628.0,8.774354583957317,32595.0,8.69,low
048926,Ottawa,95.9,96.2,347.33505748182574,96.2,27.85,0.3547,0.431,103.587,49416.0,0.0,35371.0,9.96,low
048934,Ottawa,95.3,95.4,600.9926073357545,95.0,23.27,0.4643,0.7532,99.835,49592.0,0.0,31712.0,9.96,low
048942,Ottawa,96.5,96.2,303.81126611855956,96.4,33.98,0.3697,0.3111,100.269,52038.0,1.2663668037550135,36905.0,9.96,low
048991,Paulding,95.7,96.0,369.931987184991,95.8,34.23,0.3529,0.3272,102.366,43263.0,6.730237022217522,31913.0,8.92,low
049031,Paulding,96.0,95.9,544.6191850726988,95.7,24.09,0.4766,0.3659,98.224,46693.0,0.0,31610.0,8.92,low
049056,Perry,95.4,94.7,82.36041897514271,95.0,22.01,0.431,0.2849,100.857,47687.0,0.0,34317.0,11.12,low
049064,Perry,93.8,93.7,154.8598519196743,94.5,28.43,0.6476,0.0959,97.017,35547.0,0.0,28157.0,11.12,low
049080,Pickaway,94.7,94.9,203.89136933039245,95.1,31.84,0.4023,0.4316,99.392,48784.0,0.0,34768.0,14.43,med
049098,Pickaway,94.9,94.8,202.32897946711552,95.2,22.6,0.3331,0.3566,101.944,51019.0,0.0,38397.0,14.43,med
049106,Pickaway,94.9,95.0,186.50075414967299,95.1,25.28,0.4684,0.3591,94.325,50252.0,0.0,35886.0,14.43,med
049122,Pike,94.2,94.0,122.90515416602446,94.3,23.79,0.9388,0.109,95.843,39550.0,0.0,27156.0,27.26,high
049130,Pike,93.7,93.5,233.7637110682941,95.5,23.21,0.625,0.1344,90.662,38960.0,0.0,25985.0,27.26,high
049148,Pike,93.4,93.6,195.00641553434173,93.9,31.11,0.7837,0.1801,96.393,44372.0,0.0,29481.0,27.26,high
049155,Pike,92.4,93.5,187.81529387165665,92.9,23.61,0.9209,0.0883,85.109,33844.0,0.0,22252.0,27.26,high
049171,Portage,96.4,96.4,279.8145922147409,96.4,44.8,0.1011,0.6356,109.095,98894.0,0.0,49723.0,13.67,med
049189,Portage,94.9,95.0,184.62422622906544,95.1,28.58,0.2936,0.3003,100.486,48834.0,0.0,34001.0,13.67,med
049197,Portage,94.9,95.4,139.48449401482398,95.3,31.36,0.2916,0.4206,100.479,49998.0,0.0,35107.0,13.67,med
049205,Portage,94.7,94.7,284.72739107355653,94.9,33.8,0.38,0.3138,101.824,45656.0,0.0,34114.0,13.67,med
049213,Portage,95.0,95.2,230.16829736811948,95.1,43.15,0.2668,0.4538,102.142,51985.0,0.0,37830.0,13.67,med
049221,Portage,93.3,94.6,221.19269292973433,94.5,32.41,0.4613,0.2844,94.470,46103.0,0.0,33735.0,13.67,med
049239,Portage,95.6,95.6,214.44812658799108,95.7,38.38,0.3722,0.5725,98.461,49542.0,0.0,36786.0,13.67,med
049247,Portage,94.5,94.8,207.20487661675625,95.1,27.49,0.3599,0.2694,97.954,47503.0,0.0,34198.0,13.67,med
049270,Preble,95.5,95.1,135.10981625381916,95.3,23.8,0.4785,0.3831,98.212,40277.0,0.0,29434.0,19.71,med
049288,Preble,94.3,94.1,200.20775021689977,94.6,22.52,0.5386,0.3818,97.600,43153.0,0.0,32469.0,19.71,med
049296,Preble,94.9,94.8,254.18752434707864,95.0,30.34,0.4353,0.3395,101.117,45207.0,0.0,32491.0,19.71,med
049312,Putnam,96.5,96.3,352.5256033621716,96.3,22.45,0.2767,0.3363,103.428,45178.0,0.0,33650.0,6.65,low
049320,Putnam,96.4,95.8,254.30126549846062,96.0,24.31,0.3325,0.2625,102.999,42148.0,0.0,31080.0,6.65,low
049338,Putnam,97.1,97.3,328.8204569468801,97.0,31.34,0.1762,0.2919,103.390,52254.0,0.0,39525.0,6.65,low
049346,Putnam,97.0,96.7,325.2481079754683,96.7,23.52,0.1229,0.4498,106.156,91154.0,0.0,41078.0,6.65,low
049353,Putnam,95.1,94.6,368.2777659502523,95.1,25.4,0.5531,0.275,97.057,40526.0,0.0,30425.0,6.65,low
049361,Putnam,97.2,97.0,357.9285146736292,97.2,27.08,0.1036,0.3039,107.428,50161.0,0.0,39020.0,6.65,low
049379,Putnam,96.1,96.6,344.2037956086015,96.6,22.3,0.2345,0.3694,102.760,49227.0,0.0,33980.0,6.65,low
049387,Putnam,97.0,97.0,534.683200698514,97.0,28.4,0.1507,0.355,107.573,51962.0,0.0,37714.0,6.65,low
049395,Putnam,96.1,96.1,435.4271394390081,96.2,28.06,0.2929,0.4054,104.686,49629.0,0.0,35486.0,6.65,low
049411,Richland,95.0,95.9,248.30727524131032,95.6,29.7,0.4064,0.2442,100.007,45561.0,0.0,32200.0,17.74,med
049429,Richland,95.4,95.4,358.0400142420679,95.7,24.61,0.4196,0.2037,101.521,43976.0,2.1084491298570702,33667.0,17.74,med
049437,Richland,95.6,95.6,312.74266751560054,95.8,40.39,0.2726,0.4647,104.898,56841.0,0.0,35062.0,17.74,med
049445,Richland,95.9,96.2,348.8226643446329,96.1,40.14,0.3116,0.4405,98.600,48982.0,0.0,34180.0,17.74,med
049452,Richland,94.7,95.0,161.2501865374627,94.7,48.61,0.6187,0.309,98.314,37389.0,342.2518408600275,26404.0,17.74,med
049460,Richland,95.4,95.5,376.64319926264113,95.4,29.7,0.5366,0.2641,101.448,39206.0,0.0,28232.0,17.74,med
049478,Richland,95.4,95.6,323.26732136345197,95.5,40.48,0.3448,0.5146,98.575,55627.0,0.0,33828.0,17.74,med
049494,Ross,95.0,95.4,189.50899554295955,95.2,24.98,0.4393,0.1987,91.820,44865.0,0.0,33334.0,25.74,high
049502,Ross,93.5,94.0,190.4993778267901,94.2,23.15,0.6672,0.0824,95.263,37706.0,0.0,26891.0,25.74,high
049510,Ross,93.7,93.7,193.07873449672647,94.2,23.11,0.5698,0.1475,90.983,42419.0,0.0,30082.0,25.74,high
049528,Ross,93.8,95.2,255.66249004919027,94.7,26.4,0.5074,0.1414,98.704,41213.0,0.0,30957.0,25.74,high
049536,Ross,93.8,94.0,122.02240708671616,94.1,23.11,0.5235,0.2195,97.102,49862.0,0.0,32018.0,25.74,high
049544,Ross,94.4,95.0,246.4736516674776,94.7,25.54,0.4671,0.2857,95.269,50789.0,0.0,35912.0,25.74,high
049569,Sandusky,95.6,94.9,226.83950153703816,95.3,26.1,0.3187,0.3958,97.495,42569.0,0.0,31206.0,14.34,med
049577,Sandusky,95.8,95.2,353.1933612513074,95.4,37.9,0.2532,0.4167,102.384,52719.0,5.769491992771936,38411.0,14.34,med
049593,Scioto,94.2,94.5,143.90367631397956,94.6,22.15,0.5346,0.109,100.463,42153.0,0.0,29908.0,29.13,high
049601,Scioto,94.0,93.9,172.70255540879506,93.8,23.08,0.5736,0.1586,95.755,43713.0,0.0,29824.0,29.13,high
049619,Scioto,94.3,93.6,200.5667242739798,94.1,32.31,0.5998,0.2118,94.334,46398.0,16.927588371171623,32376.0,29.13,high
049627,Scioto,94.6,94.7,156.37966326722642,94.6,22.17,0.4911,0.1161,97.467,46745.0,0.0,31808.0,29.13,high
049635,Scioto,94.1,94.1,129.30217642998005,94.3,22.3,0.7059,0.1008,93.169,41348.0,0.0,27814.0,29.13,high
049643,Scioto,94.2,94.8,170.4199356201946,94.7,23.44,0.6588,0.1117,96.724,47688.0,0.0,31600.0,29.13,high
049650,Scioto,94.5,94.7,149.70372220319854,94.5,24.16,0.6038,0.0851,94.622,41191.0,0.0,26917.0,29.13,high
049668,Scioto,94.4,94.4,232.8522467812826,94.3,22.15,0.4064,0.1991,102.083,51579.0,0.0,32508.0,29.13,high
049684,Seneca,95.6,95.9,275.5684482309174,95.6,22.01,0.3932,0.3459,97.264,43549.0,0.0,34181.0,12.74,med
049692,Seneca,95.6,95.5,159.83123586211275,96.2,24.87,0.6148,0.2913,90.000,38721.0,0.0,28079.0,12.74,med
049700,Seneca,96.2,96.2,399.1868355232884,96.5,27.12,0.3143,0.3462,102.981,46670.0,0.0,32909.0,12.74,med
049718,Seneca,96.8,97.1,415.49729978703203,97.0,28.39,0.2659,0.3453,103.258,44597.0,0.0,32817.0,12.74,med
049726,Seneca,96.6,96.6,269.1944917093731,96.6,45.9,0.314,0.3257,103.439,47130.0,0.0,35041.0,12.74,med
049759,Shelby,96.8,97.0,369.50487528953386,97.0,26.9,0.1356,0.4007,106.307,53728.0,0.0,40547.0,14.47,med
049767,Shelby,96.2,96.3,362.8825564138177,96.0,24.53,0.2108,0.2755,108.127,49047.0,0.0,35530.0,14.47,med
049775,Shelby,95.1,95.6,233.140737267571,95.6,27.64,0.3607,0.2382,99.376,45173.0,0.0,35321.0,14.47,med
049783,Shelby,97.7,97.6,444.760215834501,97.7,27.6,0.0802,0.4137,109.222,56590.0,0.0,37829.0,14.47,med
049791,Shelby,96.4,96.2,190.70529187032986,95.9,23.66,0.3681,0.2725,99.050,44128.0,0.0,32372.0,14.47,med
049809,Shelby,95.9,96.0,210.55783198109995,95.8,32.12,0.3485,0.3266,103.201,46450.0,0.0,35599.0,14.47,med
049817,Shelby,97.6,97.2,336.6419404969146,97.5,33.72,0.0782,0.299,109.181,58331.0,0.0,36305.0,14.47,med
049833,Stark,94.6,94.3,286.9926268664324,95.0,33.53,0.5485,0.3068,96.562,40425.0,5.714539513574738,28373.0,14.48,med
049841,Stark,95.1,95.1,229.2825328441153,95.0,35.33,0.4365,0.3163,100.857,41314.0,0.0,29839.0,14.48,med
049858,Stark,96.4,96.5,212.02892211365932,96.5,35.52,0.1695,0.6715,108.624,80959.0,6.219771129795689,40120.0,14.48,med
049866,Stark,95.6,95.7,60.17176822838646,95.7,39.14,0.1871,0.4107,107.278,57553.0,0.0,38241.0,14.48,med
049874,Stark,95.3,95.8,234.02294624815926,95.5,24.99,0.3537,0.2482,104.500,48185.0,0.0,32140.0,14.48,med
049882,Stark,95.1,95.1,300.4778074836137,95.2,34.66,0.3887,0.3384,102.172,49390.0,0.0,31748.0,14.48,med
049890,Stark,94.6,94.8,229.37178367323767,94.8,32.06,0.5123,0.2729,98.620,44488.0,2.4624001955556625,31111.0,14.48,med
049908,Stark,94.9,95.3,160.1067836017142,95.6,31.67,0.2955,0.434,103.043,50896.0,0.0,35501.0,14.48,med
049916,Stark,95.6,95.4,254.79256023785038,95.1,35.21,0.3546,0.2814,99.578,43094.0,0.0,30679.0,14.48,med
049924,Stark,95.2,95.4,182.9937675480691,95.6,36.92,0.3609,0.4184,102.774,45796.0,1.6373107832292026,31508.0,14.48,med
049932,Stark,95.1,95.4,122.1236246798726,95.5,39.69,0.4239,0.493,101.766,53699.0,0.0,31714.0,14.48,med
049940,Stark,94.1,94.5,267.28700319434256,94.7,31.59,0.5076,0.2383,95.897,41994.0,0.0,28975.0,14.48,med
049957,Stark,95.2,95.2,338.12108443734746,95.6,42.76,0.2764,0.3505,102.845,52225.0,0.0,35262.0,14.48,med
049973,Summit,95.4,95.6,256.83100828762815,95.7,43.0,0.3975,0.6424,101.004,66526.0,0.0,33394.0,20.39,med
049981,Summit,96.1,96.1,200.26397990460893,96.1,39.21,0.2132,0.7424,104.460,76686.0,0.0,45348.0,20.39,med
049999,Summit,94.2,94.7,113.10541948576622,94.3,47.75,0.4696,0.4135,100.036,46819.0,0.0,32752.0,20.39,med
050005,Summit,95.4,95.6,297.8870192555504,95.9,46.93,0.2607,0.4408,102.948,49676.0,17.479302237650312,35326.0,20.39,med
050013,Summit,95.5,96.0,261.5906312459657,95.8,39.57,0.2234,0.5417,105.227,64409.0,0.0,38891.0,20.39,med
050021,Summit,96.0,96.1,208.39714845745345,96.1,64.42,0.0559,0.6332,109.224,126189.0,0.0,69030.0,20.39,med
050039,Summit,95.0,95.2,179.05703815931776,95.4,49.29,0.3113,0.3173,100.023,43334.0,0.0,32204.0,20.39,med
050047,Summit,95.8,95.4,250.64481773381561,95.6,37.81,0.1698,0.6533,104.515,62328.0,0.0,43329.0,20.39,med
050054,Summit,96.2,96.4,319.9874725849453,96.3,37.82,0.0772,0.7516,106.977,135592.0,0.0,59114.0,20.39,med
050062,Summit,94.0,93.9,141.33944392669582,93.9,38.78,0.5723,0.3656,93.725,42155.0,0.0,30373.0,20.39,med
050070,Summit,96.1,96.4,195.76991022474616,96.2,45.06,0.175,0.5951,105.137,66371.0,0.0,45487.0,20.39,med
050096,Trumbull,95.1,95.6,171.69258465778748,95.8,36.51,0.5869,0.3025,102.301,35193.0,0.0,27883.0,21.98,med
050112,Trumbull,94.1,94.6,166.0223264915712,94.5,33.64,0.4824,0.3,99.735,41258.0,0.0,31535.0,21.98,med
050120,Trumbull,93.8,93.5,234.0353223468389,94.3,27.87,0.5427,0.2198,93.557,41692.0,0.0,27495.0,21.98,med
050138,Trumbull,94.8,95.5,280.56827974710063,95.2,40.13,0.3003,0.2949,104.249,45614.0,0.0,32826.0,21.98,med
050153,Trumbull,94.7,94.7,239.32008923926975,95.2,41.05,0.341,0.4754,99.663,60360.0,0.0,33377.0,21.98,med
050161,Trumbull,94.5,94.9,158.97949645655416,94.7,35.53,0.2802,0.5256,101.224,58617.0,0.0,32075.0,21.98,med
050179,Trumbull,94.9,94.9,167.99133916249247,94.9,31.25,0.4223,0.3398,99.005,43991.0,0.0,30964.0,21.98,med
050187,Trumbull,95.1,95.6,191.7511004501407,95.2,33.48,0.26,0.4209,105.286,52327.0,0.0,34200.0,21.98,med
050195,Trumbull,94.0,93.8,236.9369199438827,94.7,39.37,0.6257,0.4805,96.075,55825.0,0.0,29876.0,21.98,med
050203,Trumbull,95.4,95.8,260.0877401881558,95.7,44.97,0.3091,0.4429,105.416,51356.0,0.0,33631.0,21.98,med
050211,Trumbull,94.5,94.9,181.22999757051733,94.6,30.47,0.4158,0.2523,108.035,43660.0,0.0,31715.0,21.98,med
050229,Trumbull,95.1,95.4,256.2665828248297,95.2,60.77,0.3099,0.2366,101.851,44162.0,0.0,31483.0,21.98,med
050237,Trumbull,94.8,95.2,311.481743243085,95.1,27.28,0.4541,0.2456,98.311,47791.0,0.43821212693794775,31666.0,21.98,med
050245,Trumbull,93.8,94.7,216.84059840468802,94.5,37.67,0.5821,0.1813,101.097,38087.0,0.685490573509253,27650.0,21.98,med
050252,Trumbull,94.5,94.7,269.9628942340844,94.8,37.97,0.4868,0.2589,102.309,45122.0,0.0,30497.0,21.98,med
050278,Tuscarawas,96.5,96.6,227.54191368465774,96.7,31.93,0.3349,0.4334,103.058,43698.0,0.0,29922.0,9.13,low
050286,Tuscarawas,95.1,95.1,181.54434835406263,95.2,33.12,0.3923,0.2253,99.164,48379.0,0.0,30259.0,9.13,low
050294,Tuscarawas,96.4,96.3,234.73217343665306,96.4,36.32,0.3596,0.3792,96.453,47521.0,0.0,32118.0,9.13,low
050302,Tuscarawas,95.2,95.3,185.02831278042657,95.4,29.76,0.297,0.3819,103.025,50390.0,0.0,35004.0,9.13,low
050328,Union,96.4,96.0,263.40001158839004,96.0,35.35,0.1776,0.6183,101.886,60022.0,0.0,43907.0,9.40,low
050336,Union,94.3,94.6,240.92279690251635,94.4,29.92,0.4623,0.3515,100.566,47537.0,0.0,34197.0,9.40,low
050351,Van Wert,96.2,96.0,422.73793457975955,96.3,29.02,0.3354,0.3119,102.590,48294.0,0.0,36251.0,10.61,low
050369,Van Wert,96.0,95.7,214.13437522102652,95.8,35.03,0.44,0.2394,99.720,50919.0,0.6616364761122933,34518.0,10.61,low
050393,Vinton,93.4,94.0,84.68559837956576,94.0,20.7,0.8281,0.1276,93.051,37409.0,0.0,27533.0,23.25,med
050419,Warren,95.3,95.3,302.92627255171004,95.3,42.56,0.367,0.366,100.586,44629.0,0.0,33873.0,13.71,med
050427,Warren,96.9,96.9,201.920973859914,97.0,33.8,0.0643,0.5944,106.945,91631.0,0.0,62425.0,13.71,med
050435,Warren,95.7,96.0,222.3567815728012,96.0,37.32,0.1833,0.5595,106.356,75173.0,0.0,43096.0,13.71,med
050443,Warren,95.6,96.0,89.60062673939031,95.9,41.3,0.2173,0.6002,101.267,72325.0,0.0,49843.0,13.71,med
050450,Warren,97.0,97.0,142.84697347760448,97.1,40.57,0.0742,0.4826,110.344,95586.0,-0.7354732944206066,58747.0,13.71,med
050468,Warren,96.0,96.1,446.86346370549927,96.2,36.51,0.2069,0.5179,106.115,59462.0,0.0,38662.0,13.71,med
050484,Washington,95.1,94.4,146.86995887636405,94.9,31.09,0.5246,0.3999,95.726,47336.0,0.0,28224.0,14.82,med
050492,Washington,95.0,94.1,132.9386596202432,94.2,24.46,0.5831,0.1512,91.181,41831.0,0.0,28181.0,14.82,med
050500,Washington,94.9,95.0,166.70239896458986,95.0,31.08,0.3451,0.2637,97.492,49569.0,0.0,32465.0,14.82,med
050518,Washington,95.9,95.1,183.14652450299093,94.9,32.19,0.3891,0.5689,99.659,45400.0,0.0,29783.0,14.82,med
050534,Wayne,95.0,95.3,236.09914306636338,95.2,26.16,0.3454,0.4294,104.307,48677.0,0.0,33213.0,9.42,low
050542,Wayne,95.9,95.9,318.1232122921953,96.1,26.48,0.2537,0.4307,106.310,49257.0,0.0,32232.0,9.42,low
050559,Wayne,96.4,96.4,352.0171734137212,96.6,36.25,0.3099,0.3292,100.688,49306.0,0.0,33481.0,9.42,low
050567,Wayne,95.3,95.6,264.06379642981716,95.6,27.01,0.3533,0.2617,107.541,44857.0,0.0,33235.0,9.42,low
050575,Wayne,95.3,95.6,257.49208376189813,95.5,22.51,0.4329,0.307,102.060,42168.0,0.0,30891.0,9.42,low
050583,Wayne,95.0,95.1,318.0149294545849,95.4,37.62,0.4502,0.4402,101.262,41042.0,0.0,28611.0,9.42,low
050591,Wayne,95.3,95.4,241.77238249024288,95.7,31.74,0.3832,0.3587,102.918,48639.0,0.0,32135.0,9.42,low
050617,Williams,96.7,96.2,366.57961694899365,95.8,28.49,0.4587,0.343,100.432,41718.0,0.0,30230.0,7.08,low
050625,Williams,95.7,96.1,344.96804465980546,95.5,25.69,0.4114,0.2251,102.475,41057.0,0.0,31014.0,7.08,low
050633,Williams,96.0,96.3,406.7888944945596,95.7,31.85,0.4055,0.3178,98.739,40010.0,0.0,29861.0,7.08,low
050641,Williams,95.9,95.7,321.15483713279036,95.8,37.66,0.543,0.3226,98.162,42843.0,0.0,30657.0,7.08,low
050658,Williams,94.5,95.9,405.5883941708789,97.1,33.72,0.4702,0.388,93.096,39665.0,0.0,30677.0,7.08,low
050674,Wood,96.0,96.1,413.51230479295236,96.1,29.87,0.1993,0.4127,105.936,51536.0,0.0,37399.0,8.78,low
050682,Wood,96.0,95.9,380.5280392986199,95.6,25.35,0.4014,0.3096,96.783,45617.0,0.0,33279.0,8.78,low
050690,Wood,95.2,95.5,368.95308304329234,95.4,41.14,0.3721,0.4405,101.887,47355.0,0.0,32966.0,8.78,low
050708,Wood,95.3,95.6,265.01604660273125,95.5,36.87,0.5074,0.3432,94.822,39681.0,0.0,30386.0,8.78,low
050716,Wood,94.5,95.0,266.882468093051,95.1,58.92,0.5198,0.5087,96.032,47171.0,0.0,34708.0,8.78,low
050724,Wood,95.8,96.5,238.21791573271338,96.4,23.63,0.2494,0.4416,99.091,57863.0,0.0,38612.0,8.78,low
050740,Wyandot,96.4,96.4,368.5583910469938,96.5,24.8,0.319,0.3462,97.033,46331.0,0.0,32726.0,9.22,low
061903,Adams,95.4,94.7,76.6744616206734,94.9,25.52,0.6897,0.1511,96.553,38847.0,2.2061162616965944,25632.0,26.51,high
065680,Gallia,93.6,93.2,48.328232709594374,93.4,22.0,0.5815,0.3421,97.415,42691.0,0.0,28629.0,21.00,med
069682,Guernsey,94.1,93.9,196.36148663760744,93.4,21.99,0.5627,0.2125,95.202,50541.0,7.554789017890212,30170.0,17.58,med
091397,Preble,96.7,95.3,357.3058408146242,96.7,41.59,0.4205,0.3751,99.413,44481.0,0.0,31745.0,19.71,med
139303,Butler,96.0,95.7,188.58795439018223,96.0,41.77,0.2694,0.4827,102.837,53433.0,0.0,41223.0,27.67,high
